insert into products VALUES ('137-255','Sitari Ag Gewrgiou','Olikhs Aleshs','Sithra','75 kg','1x0.75x1');
insert into products VALUES ('137-254','Sitari Ag Gewrgiou','Lefko','Sithra','75 kg','1x0.75x1');
insert into products VALUES ('100756','Sitari Allatini','Olikhs Aleshs','Sithra','68 kg','1x1x2');
insert into products VALUES ('100894','Sitari Allatini','Lefko','Sithra','68 kg','1x1x2');
insert into products VALUES ('0000001','Sousami','ndef','Sithra','15 kg','0,5x0,5x0,2');
insert into products VALUES ('17456','Tyropita','Sfoliata','Sfoliates','0,1 kg',null);
insert into products VALUES ('17476','Tyropita','Kourou','Sfoliates','0,1 kg',null);
insert into products VALUES ('176576','Zamponotyropita','Kourou','Sfoliates','0,1 kg',null);
insert into products VALUES ('27436','Pitsa','Atomikh','Sfoliates','0,2 kg',null);
insert into products VALUES ('32675','Pagwto','Atomiko','Glyka','0,2 kg',null);
insert into products VALUES ('32676','Pagwto','Oikogeneiako','Glyka','2,0 kg','0.2x0.2x0.1');
insert into products VALUES ('27536','Pasta','Sokolata','Glyka','0,3 kg',null);
insert into products VALUES ('14356','Koulourakia','Moustokouloura','Vouthmata','3 kg','1x1x0.5');
insert into products VALUES ('14367','Koulourakia','Smyrneika','Vouthmata','3 kg','1x1x0.5');
insert into products VALUES ('45678','Gala','Markas Diarkeias','Galaktokomika','24 kg','1x1x1');
insert into products VALUES ('45679','Giaourti','Straggisto','Galaktokomika','12 kg','1x1x0.5');

insert into user_role VALUES ('warehouse_manager',0,2,0,1,0);
insert into user_role VALUES ('supplier',2,1,0,1,0);
insert into user_role VALUES ('administrator',2,2,2,2,2);
insert into user_role VALUES ('n_def',0,0,0,0,0);
insert into user_role VALUES ('useless',1,1,1,1,1);

insert into warehouse VALUES('Fournos_Athina','Ag. Meletiou 47','Pararthma 1',true);
insert into warehouse VALUES('Fournos_Peiraias','Ag. Dhmhtriou 180','Pararthma 2',true);
insert into warehouse VALUES('Fournos_Filadelfeia','L. Dekeleias 54','Pararthma 3',true);
insert into warehouse VALUES('Fournos_Galatsi','L. Veikou 47','Pararthma 4',true);

insert into products_has_warehouse VALUES ('137-255','Sitari Ag Gewrgiou','Fournos_Athina',45);
insert into products_has_warehouse VALUES ('100756','Sitari Allatini','Fournos_Athina',34);
insert into products_has_warehouse VALUES ('137-254','Sitari Ag Gewrgiou','Fournos_Athina',41);
insert into products_has_warehouse VALUES ('100894','Sitari Allatini','Fournos_Athina',15);
insert into products_has_warehouse VALUES ('0000001','Sousami','Fournos_Peiraias',41);
insert into products_has_warehouse VALUES ('17456','Tyropita','Fournos_Peiraias',15);
insert into products_has_warehouse VALUES ('17476','Tyropita','Fournos_Peiraias',45);
insert into products_has_warehouse VALUES ('176576','Zamponotyropita','Fournos_Peiraias',34);
insert into products_has_warehouse VALUES ('27436','Pitsa','Fournos_Filadelfeia',34);
insert into products_has_warehouse VALUES ('32675','Pagwto','Fournos_Filadelfeia',41);
insert into products_has_warehouse VALUES ('32676','Pagwto','Fournos_Filadelfeia',15);
insert into products_has_warehouse VALUES ('27536','Pasta','Fournos_Filadelfeia',45);
insert into products_has_warehouse VALUES ('14356','Koulourakia','Fournos_Galatsi',34);
insert into products_has_warehouse VALUES ('14367','Koulourakia','Fournos_Galatsi',45);
insert into products_has_warehouse VALUES ('45678','Gala','Fournos_Galatsi',45);
insert into products_has_warehouse VALUES ('45679','Giaourti','Fournos_Galatsi',34);
insert into products_has_warehouse VALUES ('137-255','Sitari Ag Gewrgiou','Fournos_Galatsi',33);
insert into products_has_warehouse VALUES ('0000001','Sousami','Fournos_Galatsi',21);
insert into products_has_warehouse VALUES ('32676','Pagwto','Fournos_Galatsi',45);

insert into warehouse_history VALUES (DEFAULT,'Fournos_Athina','137-255','Sitari Ag Gewrgiou',45,'125,74 EUR','2013-09-26 13:53:36','added');
insert into warehouse_history VALUES (DEFAULT,'Fournos_Athina','100756','Sitari Allatini',34,'116,35 EUR','2013-09-26 13:53:36','added');
insert into warehouse_history VALUES (DEFAULT,'Fournos_Athina','137-254','Sitari Ag Gewrgiou',41,'125,74 EUR','2013-09-26 13:53:36','added');
insert into warehouse_history VALUES (DEFAULT,'Fournos_Athina','100894','Sitari Allatini',15,'131,78 EUR','2013-09-26 13:53:36','added');
insert into warehouse_history VALUES (DEFAULT,'Fournos_Filadelfeia','27436','Pitsa',34,'2,10 EUR','2013-09-26 13:53:36','added');
insert into warehouse_history VALUES (DEFAULT,'Fournos_Filadelfeia','32675','Pagwto',41,'1,50 EUR','2013-09-26 13:53:36','added');
insert into warehouse_history VALUES (DEFAULT,'Fournos_Filadelfeia','32676','Pagwto',15,'7,50 EUR','2013-09-26 13:53:36','added');
insert into warehouse_history VALUES (DEFAULT,'Fournos_Filadelfeia','27536','Pasta',45,'2,20 EUR','2013-09-26 13:53:36','added');
insert into warehouse_history VALUES (DEFAULT,'Fournos_Peiraias','0000001','Sousami',41,'25 EUR','2013-09-26 13:53:36','added');
insert into warehouse_history VALUES (DEFAULT,'Fournos_Peiraias','17456','Tyropita',15,'1 EUR','2013-09-26 13:53:36','added');
insert into warehouse_history VALUES (DEFAULT,'Fournos_Peiraias','17476','Tyropita',45,'1,10 EUR','2013-09-26 13:53:36','added');
insert into warehouse_history VALUES (DEFAULT,'Fournos_Peiraias','176576','Zamponotyropita',34,'1,10 EUR','2013-09-26 13:53:36','added');
insert into warehouse_history VALUES (DEFAULT,'Fournos_Galatsi','14356','Koulourakia',34,'15 EUR','2013-09-26 13:53:36','added');
insert into warehouse_history VALUES (DEFAULT,'Fournos_Galatsi','14367','Koulourakia',45,'17 EUR','2013-09-26 13:53:36','added');
insert into warehouse_history VALUES (DEFAULT,'Fournos_Galatsi','45678','Gala',45,'24 EUR','2013-09-26 13:53:36','added');
insert into warehouse_history VALUES (DEFAULT,'Fournos_Galatsi','45679','Giaourti',34,'19 EUR','2013-09-26 13:53:36','added');
insert into warehouse_history VALUES (DEFAULT,'Fournos_Galatsi','137-255','Sitari Ag Gewrgiou',33,'125,74 EUR','2013-09-26 13:53:36','added');
insert into warehouse_history VALUES (DEFAULT,'Fournos_Galatsi','0000001','Sousami',21,'25 EUR','2013-09-26 13:53:36','added');
insert into warehouse_history VALUES (DEFAULT,'Fournos_Galatsi','32676','Pagwto',45,'7,50 EUR','2013-09-26 13:53:36','added');

insert into suppliers VALUES('Giwrgos_Papadopoulos','Kolokoktrwnh 47','gp@gmail.com','6978475869','11111111');
insert into suppliers VALUES('Antwnhs_Antwniou','Karaiskakh 45','aa@gmail.com','6978445321','22222222');
insert into suppliers VALUES('Markos_Iwannou','Mpoumpoulinas 67','mi@gmail.com','6948905234','33333333');
insert into suppliers VALUES('Maria_Kotsou','Markou Mpotsarh 34','mk@gmail.com','6957483079','44444444');

insert into products_has_suppliers VALUES('137-255','Sitari Ag Gewrgiou','Giwrgos_Papadopoulos','125,74 EUR');
insert into products_has_suppliers VALUES('137-254','Sitari Ag Gewrgiou','Giwrgos_Papadopoulos','125,74 EUR');
insert into products_has_suppliers VALUES('0000001','Sousami','Giwrgos_Papadopoulos','25 EUR');
insert into products_has_suppliers VALUES('100756','Sitari Allatini','Giwrgos_Papadopoulos','116,35 EUR');
insert into products_has_suppliers VALUES('100894','Sitari Allatini','Giwrgos_Papadopoulos','131,78 EUR');
insert into products_has_suppliers VALUES('17456','Tyropita','Antwnhs_Antwniou','1 EUR');
insert into products_has_suppliers VALUES('17476','Tyropita','Antwnhs_Antwniou','1,10 EUR');
insert into products_has_suppliers VALUES('176576','Zamponotyropita','Antwnhs_Antwniou','1,10 EUR');
insert into products_has_suppliers VALUES('27436','Pitsa','Antwnhs_Antwniou','2,10 EUR');
insert into products_has_suppliers VALUES('32675','Pagwto','Markos_Iwannou','1,50 EUR');
insert into products_has_suppliers VALUES('32676','Pagwto','Markos_Iwannou','7,50 EUR');
insert into products_has_suppliers VALUES('27536','Pasta','Markos_Iwannou','2,20 EUR');
insert into products_has_suppliers VALUES('14356','Koulourakia','Maria_Kotsou','15 EUR');
insert into products_has_suppliers VALUES('14367','Koulourakia','Maria_Kotsou','17 EUR');
insert into products_has_suppliers VALUES('45678','Gala','Maria_Kotsou','24 EUR');
insert into products_has_suppliers VALUES('45679','Giaourti','Maria_Kotsou','19 EUR');

insert into pend_users VALUES ('test','test','test','test','test@test.test','2013-09-26 13:53:36','never');
insert into pend_users VALUES ('test01','test01','test01','test01','test01@test01.test01','2013-09-26 13:53:36','never');
insert into pend_users VALUES ('test02','test02','test02','test02','test02@test02.test02','2013-09-26 13:53:36','never');
insert into pend_users VALUES ('test03','test03','test03','test03','test03@test03.test03','2013-09-26 13:53:36','never');
insert into pend_users VALUES ('test04','test04','test04','test04','test04@test04.test04','2013-09-26 13:53:36','never');
insert into pend_users VALUES ('test05','test05','test05','test05','test05@test05.test05','2013-09-26 13:53:36','never');
insert into pend_users VALUES ('test06','test06','test06','test06','test06@test06.test06','2013-09-26 13:53:36','never');

insert into conf_users VALUES ('test07','test07','test07','test07','test07@test07.test07','2013-09-26 13:53:36','never','administrator');
insert into conf_users VALUES ('test08','test08','test08','test08','test08@test08.test08','2013-09-26 13:53:36','never','warehouse_manager');
insert into conf_users VALUES ('test09','test09','test09','test09','test09@test09.test09','2013-09-26 13:53:36','never','warehouse_manager');
insert into conf_users VALUES ('test10','test10','test10','test10','test10@test10.test10','2013-09-26 13:53:36','never','supplier');
insert into conf_users VALUES ('test12','test12','test12','test12','test12@test12.test12','2013-09-26 13:53:36','never','useless');
insert into conf_users VALUES ('test11','test11','test11','test11','test11@test11.test11','2013-09-26 13:53:36','never','n_def');